cardID,first,last,borrowed1,borrowed2,borrowed3,borrowed4,borrowed5
4856,Cristina,Holt,,,,,
2541,Samson,Hopson,,,,,
2974,Nayely,Shanks,,,,,
1673,Aidan,Key,,,,,
8360,Kaytlyn,Gossett,,,,,
3481,Kolton,Turk,,,,,
2731,Sheridan,Magana,,,,,
1154,Anika,Blevins,,,,,
3364,Nataly,Gruber,,,,,
5798,Frank,Rust,,,,,
8591,Selina,Zepeda,,,,,
3527,Rebekah,Martino,,,,,
6584,Branson,Forte,,,,,
6989,Maliyah,Abel,,,,,
8093,Oriana,Marin,,,,,
2658,Perry,Ruffin,,,,,
4793,Annabelle,Mercer,,,,,
2904,Immanuel,Tong,,,,,
3472,Vanessa,Farnsworth,,,,,
6628,Iliana,Andrew,,,,,
9662,Tasia,Salinas,,,,,
4026,Jada,Amador,,,,,
2808,Tabatha,Rhoads,,,,,
3172,Rubi,Weathers,,,,,
3962,Rashawn,Billings,,,,,
5889,Chester,Slone,,,,,
9290,Taniya,Rhoades,,,,,
2043,Priscila,Sizemore,,,,,
2866,Sahil,Eaton,,,,,
2701,Autumn,Marion,,,,,
8864,Cain,Proctor,,,,,
1653,Miguelangel,Flannery,,,,,
8091,Kayleen,Dunn,,,,,
6755,Milton,Marsh,,,,,
3997,Salena,Chaney,,,,,
5445,Asya,Mota,,,,,
4730,Randy,Harter,,,,,
1200,James,Stoltzfus,,,,,
3345,Ben,Dupont,,,,,
2495,Marlee,Holland,,,,,
8951,Jewel,Robert,,,,,
8079,Elisha,Dorn,,,,,
3889,Annaliese,Morrow,,,,,
8803,Kaylah,Stockton,,,,,
5161,Bryon,Galbraith,,,,,
7343,Cale,Martel,,,,,
6493,Herman,Santoro,,,,,
3544,Genevieve,Rich,,,,,
7852,Fidel,Boone,,,,,
5693,Nash,Concepcion,,,,,
5896,Valentina,Yu,,,,,
4350,Lissette,Martens,,,,,
6117,Chase,Hu,,,,,
2715,Ananda,Wahl,,,,,
6872,Marques,Kay,,,,,
5305,Ezequiel,Bobo,,,,,
6724,Maya,Cooley,,,,,
5744,Frances,Kane,,,,,
7669,Alfredo,Robles,,,,,
3958,Ameer,Dugger,,,,,
2732,Brooklynn,Brenner,,,,,
2293,Francisco,Kovach,,,,,
9842,Raven,Foy,,,,,
6075,Silvia,Dill,,,,,
6835,Anahi,Larsen,,,,,
7690,Chase,Weinstein,,,,,
1313,Kelly,Demers,,,,,
6280,Timothy,Kay,,,,,
6054,Araceli,Christianson,,,,,
2760,Lanie,Dupree,,,,,
2807,Desmond,Neuman,,,,,
3992,Amalia,Swann,,,,,
4886,Malorie,Dent,,,,,
4028,Quintin,Edwards,,,,,
9822,Jazlynn,Ruffin,,,,,
1263,Bryanna,Denny,,,,,
3768,Darion,Joseph,,,,,
1908,Lawson,Joyce,,,,,
1938,Jamel,Laughlin,,,,,
2235,Alijah,Sisk,,,,,
5532,Baby,Martel,,,,,
4799,Gaven,Floyd,,,,,
3582,Ivonne,Ostrander,,,,,
4911,Jaime,Donnell,,,,,
9570,Marshall,Zhou,,,,,
3825,Jayden,Tierney,,,,,
5336,Jayla,Vidal,,,,,
6873,Khadijah,Dailey,,,,,
8574,Andres,Shaver,,,,,
7190,Alyson,Hill,,,,,
4490,Tyra,Mortensen,,,,,
2393,Elisa,Sam,,,,,
3063,Shianne,Payne,,,,,
7790,Hans,Menendez,,,,,
3826,Elizabeth,Monroy,,,,,
9081,Korbin,Guajardo,,,,,
3358,Chyna,Mahon,,,,,
3754,Alexandro,Stovall,,,,,
3545,Beverly,Choate,,,,,
3883,Karissa,Connor,,,,,
5349,Josephine,Castillo,,,,,
8037,Angela,Crisp,,,,,
4859,Marc,Ackerman,,,,,
8742,Corey,Greco,,,,,
5143,Jayden,Costa,,,,,
8084,Ricardo,Earle,,,,,
3985,Rex,Koehn,,,,,
5715,Shira,Ramirez,,,,,
6678,Bilal,Teague,,,,,
6829,Darren,Ceja,,,,,
9217,Arnold,Sutherland,,,,,
3639,Ebony,Levy,,,,,
8455,Montserrat,Moe,,,,,
6962,Adonis,Wang,,,,,
9294,Jovanny,Heinrich,,,,,
2746,Avery,Stanford,,,,,
4829,Beyonce,Ricker,,,,,
9518,Karleigh,Krieger,,,,,
8478,Dara,Vest,,,,,
5752,Issac,Sisk,,,,,
4710,Ervin,Bundy,,,,,
2294,Antoinette,Rankin,,,,,
2681,Leah,Ojeda,,,,,
2020,Lexis,Roper,,,,,
1098,Mckayla,Crenshaw,,,,,
8502,Betsy,Dow,,,,,
1449,Simone,Tang,,,,,
4387,Alli,Dang,,,,,
6607,Isaac,Lott,,,,,
2395,Alexandrea,Luu,,,,,
2839,Jamison,Herrick,,,,,
8103,Destin,Stover,,,,,
1039,Violet,Forte,,,,,
1271,Fabian,Shultz,,,,,
3036,Ashlee,Hendricks,,,,,
5124,Jailyn,Kelleher,,,,,
6072,Allen,Rucker,,,,,
4402,Curtis,Helms,,,,,
4086,Amir,Bullock,,,,,
6708,Maryam,Choi,,,,,
6372,Janiya,Blackwell,,,,,
8956,Freddie,Berman,,,,,
3234,Katlynn,Correia,,,,,
5827,Cherish,Oliver,,,,,
1772,Rocio,Cutler,,,,,
2878,Juancarlos,Burroughs,,,,,
7207,Hassan,Lankford,,,,,
2461,Allan,Lamar,,,,,
4669,Cherish,Pollard,,,,,
1069,Litzy,Glick,,,,,
7215,Alex,Tice,,,,,
7199,Jared,Weldon,,,,,
9469,Devon,Gentile,,,,,
7912,Lizeth,Rincon,,,,,
7586,Jordin,Casteel,,,,,
6933,Ramsey,Unger,,,,,
1746,Jarett,Rodriguez,,,,,
3347,Leslie,Couture,,,,,
1715,Logan,Taft,,,,,
4629,Davonte,Pruitt,,,,,
6725,Galen,Crutchfield,,,,,
4258,Sterling,Switzer,,,,,
7458,Miranda,Her,,,,,
1294,Libby,Wilburn,,,,,
8884,Herbert,Pearson,,,,,
1881,Shira,Shook,,,,,
1171,Makayla,Prado,,,,,
9309,Branden,Galvin,,,,,
8734,Leonel,Madison,,,,,
1311,Abraham,Saenz,,,,,
4363,Kyra,Romano,,,,,
8205,Dwight,Huggins,,,,,
7281,Rhianna,Kowalski,,,,,
5961,Maddie,Gerard,,,,,
5322,Brionna,Hamlin,,,,,
4864,Breonna,Briggs,,,,,
6311,Anna,Ventura,,,,,
1986,Breanne,Kelsey,,,,,
9134,Jajuan,Spann,,,,,
4810,Milo,Loya,,,,,
4377,Dana,Tanner,,,,,
4304,Raphael,Blackburn,,,,,
8232,Kenzie,Norton,,,,,
8989,Anastasia,Motley,,,,,
3283,Aron,Lockwood,,,,,
8779,Betsy,Champion,,,,,
4998,Kira,Bales,,,,,
4945,Izaiah,Thomason,,,,,
1957,Jaidyn,Grace,,,,,
1595,Brannon,Deloach,,,,,
2931,Javen,Serrano,,,,,
6816,Kolton,Bach,,,,,
5822,Bernardo,Mckinley,,,,,
7582,Jensen,Hope,,,,,
4631,Lily,Miranda,,,,,
1921,Maegan,Apodaca,,,,,
4154,Drew,Katz,,,,,
9521,Karyme,Gresham,,,,,
9145,Caelan,Blakely,,,,,
2021,Ariel,Peters,,,,,
7485,Colin,Kaufman,,,,,
7038,Clyde,Doan,,,,,
4238,Jermaine,Britt,,,,,
5502,Donna,Hatfield,,,,,
6774,Josh,Yarbrough,,,,,
3713,Robert,Garvin,,,,,
9815,Kole,Kearney,,,,,
1878,Chase,Ledbetter,,,,,
6972,Orlando,McNally,,,,,
6494,Joana,McCrary,,,,,
5000,Kaleb,Diggs,,,,,
3930,Tammy,McMahon,,,,,
1563,Harley,Cowan,,,,,
4282,Haylee,Leighton,,,,,
8363,Vanessa,Zuniga,,,,,
6799,Kaylyn,Pedersen,,,,,
7886,Stefan,Shoemaker,,,,,
1851,Tyreek,Bui,,,,,
4449,Semaj,Payton,,,,,
8125,Jaylen,Barksdale,,,,,
4330,Ramon,Looney,,,,,
7870,Jevon,Parent,,,,,
6909,Tyron,Staley,,,,,
5029,Aniyah,Blanton,,,,,
5998,Mara,Adame,,,,,
5860,Milena,Tuck,,,,,
6656,Jasper,Duong,,,,,
4413,Cesar,Fahey,,,,,
1057,Belen,Cardona,,,,,
5392,Leilani,Andre,,,,,
4900,Gavyn,Withrow,,,,,
2550,Linda,Layman,,,,,
7803,Maritza,Self,,,,,
7666,Daisy,Call,,,,,
3235,Julissa,Goetz,,,,,
4393,Zechariah,McGinnis,,,,,
5398,Keshaun,Lawler,,,,,
6901,Draven,Egan,,,,,
2862,Kaylynn,Costello,,,,,
3391,Pierce,Minor,,,,,
9370,Janell,Popp,,,,,
5654,Miranda,Hutchinson,,,,,
5556,Pierce,Lay,,,,,
4820,Korbin,Alarcon,,,,,
9203,Jerod,Krueger,,,,,
6234,Seamus,Conte,,,,,
7219,Stuart,Olvera,,,,,
1852,Geoffrey,Harley,,,,,
1774,Kathryn,Wong,,,,,
6895,Gregorio,Silva,,,,,
3741,Eileen,Warden,,,,,
5599,Celine,Silverman,,,,,
5981,Braxton,Slocum,,,,,
9391,Elliott,Kimble,,,,,
7402,Sarahi,Romano,,,,,
5371,Edith,Crowder,,,,,
8611,Bryson,Andersen,,,,,
5738,Samuel,Crocker,,,,,
9245,Drake,Quiroz,,,,,
2272,Terence,Pratt,,,,,
8417,Juan,Stuckey,,,,,
9798,Kobie,Starkey,,,,,
6688,Tavian,Braxton,,,,,
1021,Sonja,Madden,,,,,
1378,Sherman,Roe,,,,,
1355,Alina,Cullen,,,,,
7132,Aileen,Falcon,,,,,
6594,Corrina,Poston,,,,,
1365,Harley,Kessler,,,,,
2901,Augustus,Caldwell,,,,,
1494,Mauricio,Culver,,,,,
5887,Dale,Chapin,,,,,
8735,Roxanne,Cornelius,,,,,
8295,Saige,Dowell,,,,,
6373,Jordan,Craft,,,,,
7075,Alecia,Lorenz,,,,,
7947,Cedrick,Krieger,,,,,
8743,Nicolette,Paquette,,,,,
4069,Kathryn,Payne,,,,,
1800,Truman,Leone,,,,,
8913,Cale,Barbee,,,,,
7331,Kristin,Weaver,,,,,
9738,Dajah,Newsome,,,,,
8589,Alonso,Stallings,,,,,
7654,Kellen,Murillo,,,,,
1474,Emiliano,Grover,,,,,
7800,Belinda,Hollis,,,,,
7168,Salena,Dooley,,,,,
6797,Peyton,Swisher,,,,,
2170,Clay,Story,,,,,
6121,Allison,Dowell,,,,,
4431,Kentrell,Schindler,,,,,
5596,Darrian,Boyce,,,,,
6960,Harmony,Sherman,,,,,
3577,Adriel,Klinger,,,,,
9899,Summer,Crook,,,,,
6442,Karen,Bradley,,,,,
7807,Reagan,Ragsdale,,,,,
9384,Abrianna,Valencia,,,,,
6409,Baylie,Mcmillian,,,,,
5295,Trevor,Kiefer,,,,,
1904,Cristobal,Edge,,,,,
4944,Nicklaus,Asher,,,,,
9644,Rylie,Waterman,,,,,
6055,Kierra,Glynn,,,,,
5597,Eli,Pickens,,,,,
8046,Anders,Hester,,,,,
8865,Gabriel,Martins,,,,,
8669,Devlin,Boehm,,,,,
6178,Antony,Solomon,,,,,
5971,Gunner,Goldsmith,,,,,
5861,Jaya,Blum,,,,,
9696,Keri,Sousa,,,,,
1321,Serenity,Dale,,,,,
7396,Luther,Krueger,,,,,
7709,Wendy,Saavedra,,,,,
7091,Riya,Valadez,,,,,
6277,Tre,Robledo,,,,,
5071,Dakota,Moeller,,,,,
4417,Aliza,Gunn,,,,,
7243,Allyssa,Brumfield,,,,,
9821,Meghan,Mabry,,,,,
5870,Elliott,Ramsey,,,,,
8855,Anahi,Maldonado,,,,,
1677,Jacoby,Guerrero,,,,,
7070,Trevor,Frye,,,,,
5209,Daria,McGraw,,,,,
9754,Jayvon,Westmoreland,,,,,
2350,Jazmine,Keener,,,,,
7980,Miguelangel,Kidwell,,,,,
1775,Meadow,McIntyre,,,,,
7648,Natalia,Baumgartner,,,,,
3202,Edward,Wiley,,,,,
7284,Kirk,Baer,,,,,
2213,Christiana,Carver,,,,,
7808,Robin,Kyle,,,,,
8468,Drake,Lanham,,,,,
8121,Abner,Ohara,,,,,
2676,Vladimir,Lund,,,,,
4168,Karen,Hollingsworth,,,,,
9267,Casey,Monson,,,,,
2386,Cora,Truong,,,,,
2148,Notnamed,Simons,,,,,
1209,Ricky,Velez,,,,,
7151,Logan,Watkins,,,,,
1110,Erick,McDermott,,,,,
3054,Fredrick,Dehart,,,,,
4510,Zion,Oshea,,,,,
3638,Anthony,Tobias,,,,,
3798,Siobhan,Kane,,,,,
2953,Adam,Dodson,,,,,
7489,Tyron,Goldsmith,,,,,
9205,Bilal,Archer,,,,,
6720,Nicole,Stephen,,,,,
6041,Araceli,Boyle,,,,,
5405,Shivani,Shuman,,,,,
6889,Rhea,Abney,,,,,
2608,Adonis,Foy,,,,,
3799,Javier,Sapp,,,,,
5274,Naya,Mazur,,,,,
1418,Alek,Maxey,,,,,
3056,Jaren,Shay,,,,,
5331,Ezequiel,Snow,,,,,
6798,Jade,Derrick,,,,,
2735,Keisha,Rowe,,,,,
6224,Madison,Hollingsworth,,,,,
8888,Charlie,Boucher,,,,,
4711,Abigale,Hollins,,,,,
4916,Britany,Busch,,,,,
4092,Montana,Rizzo,,,,,
7593,Jacoby,Molnar,,,,,
9251,Hayden,Ritter,,,,,
7715,Salvador,Meza,,,,,
8619,Sydney,Bowser,,,,,
3625,Floyd,Moran,,,,,
6614,Sam,Mcallister,,,,,
5399,Kiya,Wheatley,,,,,
7621,Ivory,Dodson,,,,,
6969,Terence,Calkins,,,,,
9270,Rocio,Weir,,,,,
5118,Franchesca,Corrigan,,,,,
9119,River,Persaud,,,,,
9397,Jordyn,Allred,,,,,
4080,Jabari,Roldan,,,,,
3780,Heriberto,Blackwell,,,,,
6165,Haily,Merrell,,,,,
5489,Clyde,Chaney,,,,,
7937,Ruby,Barger,,,,,
6281,Sally,Burnside,,,,,
7895,Tiana,Duggan,,,,,
1396,Garrett,Nowak,,,,,
2530,Theresa,Collazo,,,,,
5999,Kinsey,Hammond,,,,,
3655,Shelby,Mattox,,,,,
4484,Lynsey,Brady,,,,,
5443,Logan,Lund,,,,,
9665,Elisha,Cordero,,,,,
7583,Isiah,Desimone,,,,,
7208,Oscar,Fredrickson,,,,,
9456,Marlon,Tapia,,,,,
7033,Lorenzo,Pauley,,,,,
9919,Cristian,Branson,,,,,
2328,Delanie,Alvarado,,,,,
1401,Paulina,Rowe,,,,,
8370,Pablo,Nettles,,,,,
7718,Mohamed,Camacho,,,,,
4099,Jessi,Hicks,,,,,
1325,Joslyn,Koch,,,,,
8364,Orlando,Earle,,,,,
5289,Edmund,Aguilar,,,,,
9100,Jazmine,McCarthy,,,,,
5044,Shea,Jaeger,,,,,
9940,Sean,Breen,,,,,
7909,Kameryn,Clausen,,,,,
9259,Kelsi,Rauch,,,,,
3404,Marianna,Tan,,,,,
2427,Kirk,Burnett,,,,,
4874,Juancarlos,Grice,,,,,
9979,Lewis,Moe,,,,,
7665,Jaden,Mcvey,,,,,
7649,Braydon,Childers,,,,,
1905,Elana,Hardy,,,,,
3385,Mckinley,Ross,,,,,
6485,Ahmad,Bloom,,,,,
3827,Joey,Lorenz,,,,,
3303,Claudio,Gilman,,,,,
9481,Stefany,Galloway,,,,,
6929,Skyla,Cortez,,,,,
6629,Lars,Ray,,,,,
1022,Sydney,Mcalister,,,,,
5379,Joan,Harlan,,,,,
4740,Kinley,Guillen,,,,,
2296,Eddy,Rosado,,,,,
5979,Tori,McCain,,,,,
2841,Devon,Horan,,,,,
3908,Kali,Rosa,,,,,
3515,Shea,Kohl,,,,,
1556,Stanley,Churchill,,,,,
6080,Julisa,Kearney,,,,,
9209,Leighton,Ridley,,,,,
2725,Mohammad,Eng,,,,,
4156,Santos,Medina,,,,,
2145,Kierstin,Barbour,,,,,
3951,Lacy,Hagan,,,,,
9461,Melina,Lazo,,,,,
2163,Braden,Craig,,,,,
2244,Stacey,Burnside,,,,,
1654,Aurora,Quintanilla,,,,,
4735,Alvin,David,,,,,
5389,April,Thompson,,,,,
4031,Susan,Snead,,,,,
9761,Domonique,Summers,,,,,
1714,Erik,Goldstein,,,,,
8326,Alaina,Register,,,,,
5240,Pauline,Burgos,,,,,
2758,Patience,Hamm,,,,,
1581,Daryl,Bradshaw,,,,,
8144,Kale,Mallory,,,,,
4045,Pilar,Kaufman,,,,,
6287,Robin,Stearns,,,,,
6114,Antoine,Bock,,,,,
8372,Iliana,Dietz,,,,,
9153,Brandyn,Ellsworth,,,,,
7923,Milo,Lassiter,,,,,
8409,Makenzi,Brill,,,,,
9642,Ben,Montague,,,,,
2989,Leia,Read,,,,,
2295,Arthur,Hatch,,,,,
2168,Byron,Hawkins,,,,,
6713,Alan,Trapp,,,,,
4261,Justin,Zheng,,,,,
5142,Rylan,Haller,,,,,
6133,Anahi,Worrell,,,,,
3213,Yosef,Ferreira,,,,,
6830,Moriah,Deal,,,,,
6726,Joe,Reeder,,,,,
1609,Kareem,Pacheco,,,,,
4209,Melissa,Thrasher,,,,,
7096,Colleen,Scherer,,,,,
3693,Blake,Ladd,,,,,
4447,Donavon,Buchanan,,,,,
4729,Marcos,Culver,,,,,
6020,Ricardo,Galvan,,,,,
9218,Gregorio,Stein,,,,,
5557,Alfredo,Stanfield,,,,,
6866,Zahra,Saavedra,,,,,
8533,Freddy,Garland,,,,,
4638,Efrain,Gil,,,,,
6744,Erik,Almanza,,,,,
5911,Areli,Power,,,,,
3286,Nevin,Rau,,,,,
9400,Jeffery,Messer,,,,,
6698,Kirstin,Kozlowski,,,,,
2266,Jalyn,Maas,,,,,
4628,German,Haines,,,,,
8359,Darion,Preston,,,,,
3970,Michael,Xu,,,,,
6555,Shaelyn,Curry,,,,,
8252,Eric,Ervin,,,,,
6795,Lia,France,,,,,
7131,Lilly,Hammond,,,,,
7416,Samson,Mason,,,,,
7154,Emmett,Soares,,,,,
3641,Milo,Redmond,,,,,
9664,Alexandria,Nolen,,,,,
9987,Candace,McRae,,,,,
9442,William,Kirk,,,,,
9501,Allen,Street,,,,,
6737,Leah,Pinkerton,,,,,
5945,Sarahi,Baumann,,,,,
5040,Britton,Brockman,,,,,
2010,Susana,Freed,,,,,
6727,Jaime,Toledo,,,,,
3297,Kara,Romero,,,,,
8526,Shamar,Esquivel,,,,,
4951,Angel,Ammons,,,,,
9274,Magaly,Griswold,,,,,
8818,Monika,Salerno,,,,,
3185,Colin,Robbins,,,,,
3344,Walter,Montanez,,,,,
2664,Carlos,Wagoner,,,,,
9137,Perry,Brenner,,,,,
5864,Tommy,Girard,,,,,
9420,Adan,Hoy,,,,,
5543,Rhonda,Norwood,,,,,
6997,Edgar,Lott,,,,,
6330,Tess,Cathey,,,,,
5972,Amos,Hammond,,,,,
5344,Jovanny,Smiley,,,,,
1161,Madalynn,Victor,,,,,
8708,Kearra,Sowell,,,,,
9096,Devontae,Morrison,,,,,
3290,Quincy,Chapman,,,,,
9723,Leia,Keeton,,,,,
6967,Scarlett,Lovell,,,,,
5756,Izabella,Nolen,,,,,
3525,Herman,Magee,,,,,
8385,Heather,Tamayo,,,,,
9615,Grady,Armstrong,,,,,
3868,Alton,Beckwith,,,,,
4746,Nelly,Mosier,,,,,
4343,Savannah,Starkey,,,,,
2479,Rahul,Burdick,,,,,
2916,Darrell,Pepper,,,,,
2683,Darrion,Andrews,,,,,
7026,Lewis,Kohl,,,,,
1930,Arjun,Roe,,,,,
7157,Lanie,Givens,,,,,
5930,Tanisha,Otero,,,,,
8863,Lester,Winchester,,,,,
5975,Corbin,Stowe,,,,,
1542,Giancarlo,Kerns,,,,,
6896,Arielle,Kumar,,,,,
1623,Brooklynn,Stubbs,,,,,
2398,Penelope,Seward,,,,,
1442,Dexter,McNeal,,,,,
4126,Theo,Krieger,,,,,
3650,Katelin,Swartz,,,,,
8523,Liam,Cherry,,,,,
7072,Kaci,Tarver,,,,,
1821,Mordechai,Guillen,,,,,
6487,Anastasia,Bingham,,,,,
8255,Gillian,Coyne,,,,,
4308,Reagan,Pollack,,,,,
2171,Brookelyn,Bishop,,,,,
7956,Lexi,Delaney,,,,,
5737,Bill,Stanfield,,,,,
2207,Selene,Williams,,,,,
5015,Carter,Villegas,,,,,
9782,Kurt,Lawton,,,,,
7368,Rayven,Mathis,,,,,
6155,Catrina,Echols,,,,,
9443,Charity,Isbell,,,,,
2193,Cassidy,Lutz,,,,,
5931,Tiarra,Broderick,,,,,
9998,Rayven,Seals,,,,,
9138,Amari,Anderson,,,,,
4790,Kaylee,Spivey,,,,,
9266,Ronan,Roche,,,,,
1918,Harry,Goins,,,,,
5713,Rosalinda,Loy,,,,,
2134,Estefani,Spicer,,,,,
2291,Gabrielle,Chaney,,,,,
4103,Kaya,Solorzano,,,,,
5787,Aron,Holman,,,,,
4155,Nikhil,Leach,,,,,
4128,Willis,Cope,,,,,
8418,Kale,King,,,,,
7239,Kiera,Dickens,,,,,
8470,Frankie,Fries,,,,,
1777,Rileigh,Breaux,,,,,
4446,Lynn,Sumner,,,,,
1011,Randy,Scarborough,,,,,
9165,Felicity,Frame,,,,,
2085,Anjelica,Mabry,,,,,
6200,Stetson,Quinonez,,,,,
7737,Janell,McCoy,,,,,
7387,Samara,Barnette,,,,,
7705,Eboni,Snow,,,,,
5771,Dominick,Roberson,,,,,
7733,Taj,Mauldin,,,,,
7364,Danyelle,Crooks,,,,,
1391,Yazmin,Churchill,,,,,
7981,Milton,Sell,,,,,
1156,Reed,Balderas,,,,,
2102,Erick,Funk,,,,,
8223,Aaliyah,Ocampo,,,,,
9816,Joe,Broderick,,,,,
2643,Salvatore,Segovia,,,,,
2052,Kasey,Choi,,,,,
6315,Diamond,Traylor,,,,,
8063,Luther,Helms,,,,,
7375,Adrianne,Montague,,,,,
3526,Selena,Feeney,,,,,
7137,Darrian,Cox,,,,,
2117,Darius,Myles,,,,,
8301,Beau,Fry,,,,,
7468,Marilyn,Holcomb,,,,,
1827,Ann,Hennessy,,,,,
1330,Abril,Combs,,,,,
6217,Kellen,Calderon,,,,,
9487,Frankie,Swope,,,,,
9789,Tyree,Jimenez,,,,,
4670,Alicia,Metcalf,,,,,
4483,Courtney,Shapiro,,,,,
8717,Hayleigh,Drury,,,,,
1408,Nash,Hein,,,,,
1683,Melina,Bowser,,,,,
2444,Ryleigh,Wisniewski,,,,,
4171,Marcus,Kohler,,,,,
4952,Abbey,Mack,,,,,
4919,Tate,Ewing,,,,,
5035,Jazmyn,Doss,,,,,
4720,Kinley,Fredrickson,,,,,
7579,Beth,Warner,,,,,
1043,Phoenix,Parish,,,,,
5606,Federico,Benedict,,,,,
2738,Jamal,Hays,,,,,
3936,Conrad,Stevenson,,,,,
4854,Grecia,Drury,,,,,
8764,Daijah,Renteria,,,,,
2770,Bayley,Dawson,,,,,
5959,Danyelle,Ferrer,,,,,
1268,Mikala,Magana,,,,,
7901,Brenden,McDuffie,,,,,
6252,Averi,Shumate,,,,,
2387,Kelvin,Gilbert,,,,,
4160,Leif,Nunn,,,,,
3113,Olivia,Roland,,,,,
6463,Taliyah,Conroy,,,,,
7959,Dion,Pruett,,,,,
1604,Porter,Perales,,,,,
9437,Annmarie,Benoit,,,,,
4383,Nakia,Worrell,,,,,
2445,Ginger,Burley,,,,,
3685,Lea,Dunham,,,,,
3668,Jovani,Earley,,,,,
5075,Blaze,Slattery,,,,,
6425,Annalisa,Do,,,,,
6539,Bruno,Box,,,,,
7541,Samuel,Padilla,,,,,
3533,Karolina,Rourke,,,,,
1270,Madilynn,Darling,,,,,
9705,Alondra,Crawley,,,,,
6745,Nicolle,Lipscomb,,,,,
1678,Jakobe,Cone,,,,,
7819,Tyler,Barkley,,,,,
4166,Nico,Weiner,,,,,
4009,Cassidy,Hart,,,,,
6332,Conrad,Meyers,,,,,
7094,Mark,Carranza,,,,,
3723,Carissa,Darby,,,,,
4584,Tatiana,Jeffery,,,,,
2551,Emiliano,Cates,,,,,
9774,Norman,Grimm,,,,,
2416,Malik,Schilling,,,,,
5440,Sincere,Kirby,,,,,
5656,Taylar,Colwell,,,,,
2288,Zack,Hathaway,,,,,
6800,Devan,Lin,,,,,
7932,Lionel,Arellano,,,,,
9670,Jamison,Minor,,,,,
2095,Tyanna,Kimbrough,,,,,
5784,Anton,Rushing,,,,,
3051,Trevor,Westmoreland,,,,,
4620,Mikaela,Vandyke,,,,,
9142,Messiah,Sharp,,,,,
9631,Eleazar,Burnham,,,,,
4999,Jasmin,Amaral,,,,,
6367,Katherine,Gauthier,,,,,
8552,Cristobal,Watkins,,,,,
6406,Dameon,Hankins,,,,,
1621,Litzy,Ebert,,,,,
4200,Eleazar,Harwood,,,,,
2304,Xiomara,Beckwith,,,,,
9903,Caden,Moya,,,,,
4104,Kane,Wenzel,,,,,
9402,Finn,McPherson,,,,,
9030,Isis,Francis,,,,,
2593,Jolene,Barnes,,,,,
7450,Doris,McCoy,,,,,
1419,Riley,Lively,,,,,
8107,Mercedez,Scherer,,,,,
4609,Anjali,Beal,,,,,
3485,Angie,Herring,,,,,
2047,Valerie,Haley,,,,,
6883,Cheyenne,Bills,,,,,
6204,Nevin,Powell,,,,,
4479,Zachery,Lehmann,,,,,
7269,Hollie,Teal,,,,,
4223,Trevion,Arredondo,,,,,
3361,Jacoby,Clement,,,,,
4090,Darnell,Luu,,,,,
5969,Brenna,Colbert,,,,,
4570,Stacy,Paz,,,,,
2449,Marvin,Buss,,,,,
3977,Brycen,Brinkley,,,,,
5809,Chandler,Beall,,,,,
9353,Brian,Barrett,,,,,
4915,Mina,Michaels,,,,,
3311,Tyron,Ford,,,,,
2943,Christa,Rangel,,,,,
3893,Hayley,Easton,,,,,
8002,Braedon,Muhammad,,,,,
3423,Dante,Ochoa,,,,,
3087,Marina,Fernandes,,,,,
7921,Justin,Ellington,,,,,
7397,Lianna,Tamayo,,,,,
8988,Landen,Boston,,,,,
4726,Davion,Lyman,,,,,
5441,Julianne,Tovar,,,,,
6529,Tevin,Butler,,,,,
7491,Cristal,Meek,,,,,
1839,Brianne,Davila,,,,,
4967,Jamil,Kirkpatrick,,,,,
7970,Dan,Glick,,,,,
7164,Travon,Daily,,,,,
4623,Declan,Willey,,,,,
2055,Brice,John,,,,,
1998,Julien,Luke,,,,,
5272,Fred,Culbertson,,,,,
1124,Jaela,Mabry,,,,,
4705,Kai,Kowalski,,,,,
3944,Agustin,Mercado,,,,,
8373,Nathaly,McMillan,,,,,
5550,Nevin,Chapman,,,,,
8396,Kyree,Brunner,,,,,
9381,Reece,Gooch,,,,,
7139,Ashton,Goss,,,,,
5332,Austyn,Elias,,,,,
5446,Rickey,Devine,,,,,
9538,Jenifer,Osborn,,,,,
2482,Aldo,Sparks,,,,,
6649,Dustin,Burkett,,,,,
8966,Verania,Rocha,,,,,
2616,Jorge,Hawkins,,,,,
3884,Kailee,Evers,,,,,
2232,Pedro,Thiel,,,,,
6845,Mollie,Trimble,,,,,
5812,Erick,Stiles,,,,,
5367,Grady,Sarmiento,,,,,
3752,Angelique,Pratt,,,,,
6137,Stephany,Metz,,,,,
3938,Rhys,Sweeney,,,,,
1040,Deondre,Grabowski,,,,,
6984,Elmer,Main,,,,,
9684,Georgina,Drummond,,,,,
4493,Megan,Puckett,,,,,
4905,Chelsey,Shafer,,,,,
7245,Fatima,Amaral,,,,,
1048,Deborah,Pederson,,,,,
5938,Triston,Begay,,,,,
4517,Aniya,Barragan,,,,,
1309,Sydnee,Ashford,,,,,
8639,Valentina,Squires,,,,,
3678,Deborah,Way,,,,,
3101,Destini,Delgado,,,,,
2133,Giselle,Caudill,,,,,
3424,Noel,Musser,,,,,
4984,Christina,Barger,,,,,
6957,Joan,Cherry,,,,,
4214,Nickolas,Easton,,,,,
7750,Lincoln,Ewing,,,,,
2669,Lizet,McCullough,,,,,
2332,Shea,Burdick,,,,,
2362,Ada,Pace,,,,,
6672,Jacklyn,Snyder,,,,,
3833,Lucy,Harrell,,,,,
8442,Sidney,Kelso,,,,,
8978,Tiffani,Gibson,,,,,
9539,Alexzander,Stock,,,,,
2412,Ana,Frost,,,,,
2001,Fallon,Coy,,,,,
2685,Sonny,Nunley,,,,,
1837,Isabella,Isaacs,,,,,
5582,Kiersten,Trammell,,,,,
8462,Trever,Clausen,,,,,
9295,Kristy,Larsen,,,,,
2984,Sadie,Banks,,,,,
1288,Gaven,Platt,,,,,
2100,Orlando,Hearn,,,,,
2641,Shyanne,Briones,,,,,
7214,Celeste,Bland,,,,,
5300,Annalisa,Tyler,,,,,
7279,Kacey,Sullivan,,,,,
6783,Agustin,Nunn,,,,,
4823,Raven,Caswell,,,,,
7241,Yosef,Lincoln,,,,,
3470,Jaclyn,Cantu,,,,,
9433,Litzy,Lujan,,,,,
2748,Marquis,Keys,,,,,
5955,Aubrie,Sauer,,,,,
3083,Gianna,Koehler,,,,,
2247,Ulysses,Montero,,,,,
3873,Ezra,Monson,,,,,
8473,Maren,Ruff,,,,,
5768,Willis,Faulkner,,,,,
9764,Stefanie,Reno,,,,,
2525,Octavia,Roche,,,,,
6516,Ronald,Graff,,,,,
9586,Colby,Galvin,,,,,
2411,Christopher,Lafleur,,,,,
2326,Marcel,Hoke,,,,,
9228,Brodie,Diaz,,,,,
6410,Keelan,Hoyt,,,,,
1928,Noe,Pinto,,,,,
5933,Rosalie,Hutchings,,,,,
2322,Lara,Thurston,,,,,
3945,Cielo,Talbot,,,,,
4007,Allyssa,Navarrete,,,,,
8248,Ben,Ritchie,,,,,
5342,Korey,Abney,,,,,
6018,Jeremiah,Mesa,,,,,
1706,Tristin,Puente,,,,,
2344,Maurice,Kiser,,,,,
4094,Oswaldo,Cooley,,,,,
5171,Stevie,Fraley,,,,,
9429,Gianna,Ruggiero,,,,,
6707,Ariel,Gavin,,,,,
1613,Lane,Donohue,,,,,
1125,Regina,Lawrence,,,,,
9875,Kendra,Steinberg,,,,,
8382,Mikael,Dumas,,,,,
3201,Kameron,Renner,,,,,
8395,Kareem,Olivas,,,,,
4359,Leonardo,Quarles,,,,,
2267,Taryn,Harris,,,,,
4184,Lyle,Hirsch,,,,,
1175,Brendon,Rubio,,,,,
3373,Kennedy,Whitson,,,,,
2119,Khalil,Davidson,,,,,
2041,Samir,Giron,,,,,
6658,Tyriq,Burke,,,,,
1044,Taylor,Keefe,,,,,
2781,Ignacio,Dotson,,,,,
4450,Sienna,Starnes,,,,,
1076,Rory,Keith,,,,,
5418,Shyla,Sampson,,,,,
7778,Sonia,Harding,,,,,
5655,Demi,Crooks,,,,,
1115,Erick,Bullard,,,,,
1147,Cori,Muir,,,,,
5707,Jaeden,Hatcher,,,,,
9220,Keandre,McMahon,,,,,
4827,Kelley,Byrne,,,,,
4148,Leigha,Franklin,,,,,
1768,Madalynn,Ferrell,,,,,
7929,Jude,Wendt,,,,,
1779,Ivette,Darden,,,,,
4371,Nasir,Goad,,,,,
5394,Stefan,Deutsch,,,,,
3105,Alani,Quintanilla,,,,,
9000,Chassidy,Adams,,,,,
4559,Roxana,Fay,,,,,
6153,Jedidiah,Langdon,,,,,
8008,Valerie,Kellogg,,,,,
5230,Dylon,Hensley,,,,,
2239,Jamie,Pardo,,,,,
6051,Kirsten,Schweitzer,,,,,
1431,Bridger,Madsen,,,,,
1070,James,Fogle,,,,,
5817,Loren,Hammons,,,,,
8857,Madilynn,Skidmore,,,,,
4773,Tamara,Szymanski,,,,,
9908,Sadie,Dunn,,,,,
6746,Tevin,Roman,,,,,
9351,Ayleen,McCloud,,,,,
3067,Mohamed,Pierce,,,,,
2902,Sean,Sepulveda,,,,,
4224,Kaliyah,Danielson,,,,,
9219,Gavin,Hurd,,,,,
9510,Kelly,Danner,,,,,
5899,Dario,McArthur,,,,,
3782,Ernest,Juarez,,,,,
1882,Jailyn,Beebe,,,,,
6004,Jacquelyn,Zhang,,,,,
2863,Karah,Greenberg,,,,,
7400,Simon,Kahn,,,,,
3705,Timmy,Steward,,,,,
2113,Lilianna,Dennis,,,,,
4337,Blayne,Goins,,,,,
2526,Adam,Quintero,,,,,
5898,Long,Ricci,,,,,
7606,Rianna,Abney,,,,,
9394,Santiago,Caraballo,,,,,
2478,Jasmyne,Deloach,,,,,
7874,Meaghan,Altman,,,,,
1461,Hakeem,Mansfield,,,,,
2879,Daryl,Guevara,,,,,
3207,Camila,Menard,,,,,
7073,Haily,Dunaway,,,,,
3812,Barry,Cates,,,,,
1991,Angeles,Holder,,,,,
3368,Abby,Clancy,,,,,
5920,Travion,Leighton,,,,,
8804,Tyler,Simpkins,,,,,
1788,Stanley,Munguia,,,,,
4937,Audrey,Johnston,,,,,
7240,Tyrell,Gossett,,,,,
3750,Veronica,Sparks,,,,,
7918,Davis,Faber,,,,,
7380,Hanna,Lai,,,,,
9385,Sincere,Petrie,,,,,
8294,Alysha,Tracy,,,,,
7629,Randolph,McDonnell,,,,,
6517,Karime,Cramer,,,,,
2277,Kobi,Hollis,,,,,
6515,Alonzo,Cooper,,,,,
4150,Edwin,Davies,,,,,
8766,Janay,Kovacs,,,,,
3856,Marisela,Swenson,,,,,
4014,Liza,Carmichael,,,,,
8659,Marquise,Silver,,,,,
9421,Ernesto,Conner,,,,,
2640,Jessalyn,Sibley,,,,,
6103,Mariam,Hodgson,,,,,
3312,Jada,Love,,,,,
2983,Justin,Salvador,,,,,
5749,Jayden,McIntire,,,,,
3114,Adrien,Schmitz,,,,,
7326,Jericho,Alicea,,,,,
7338,Tyrone,Strong,,,,,
9227,Eileen,Sheets,,,,,
2722,Austen,Coy,,,,,
9643,Makenzie,Elizondo,,,,,
7716,Cortez,Croft,,,,,
3496,Tanisha,Wahl,,,,,
9929,Enoch,Bales,,,,,
8513,Chyanne,Sowers,,,,,
3013,Clarence,MacDonald,,,,,
3536,Terrell,Frame,,,,,
9991,Keandre,Boyce,,,,,
1249,Keira,Law,,,,,
2980,Shelly,Paul,,,,,
9724,Bethany,Padgett,,,,,
8187,Everett,Boles,,,,,
8434,Tanisha,Back,,,,,
5241,Diane,Hoover,,,,,
4323,Omari,Carlton,,,,,
4744,Armand,Cordell,,,,,
7175,Jalyn,Wyman,,,,,
9829,Kaya,Parkinson,,,,,
3261,Chris,Heck,,,,,
9663,Benton,Parham,,,,,
4309,Demonte,Burnside,,,,,
6242,Cameron,Burden,,,,,
2223,Oswaldo,Zink,,,,,
2442,Humberto,Kern,,,,,
8042,Abram,Harkins,,,,,
7497,Jaiden,Legg,,,,,
1042,Allison,Reeves,,,,,
6903,Kinsley,Sage,,,,,
2230,Tyler,Thorpe,,,,,
4831,Jordyn,Gilliland,,,,,
9029,Clayton,Eaton,,,,,
2425,Johan,Alford,,,,,
3293,Gregory,Croft,,,,,
3000,Darrin,Montano,,,,,
7248,Tricia,Epps,,,,,
2880,Dillion,Sales,,,,,
2857,Deion,Mize,,,,,
8035,Sonya,Allison,,,,,
1594,Annette,Ragsdale,,,,,
8494,Jalyn,Clay,,,,,
5308,Kale,McClelland,,,,,
2520,Darnell,Albertson,,,,,
3287,Baby,Beckman,,,,,
4679,Leilani,Stowe,,,,,
9826,Kegan,Ragan,,,,,
9117,Kristian,Jacoby,,,,,
1569,Jordan,Durbin,,,,,
8558,Nicolle,Escamilla,,,,,
1903,Linsey,Howell,,,,,
5103,Dorothy,Dell,,,,,
9390,Marlena,Merrell,,,,,
5612,Colin,Lawrence,,,,,
9032,Anders,Colley,,,,,
5158,Nikole,Daily,,,,,
3416,Sandra,Blaylock,,,,,
6341,Hamza,Saunders,,,,,
2993,Dasia,Forman,,,,,
6484,Angel,Hannah,,,,,
7972,Trace,Gunter,,,,,
9325,Jacey,Roman,,,,,
4175,Rowan,Williamson,,,,,
2634,Sandy,Simonson,,,,,
5423,Jailene,Sams,,,,,
2380,Adia,Brice,,,,,
1425,Brenda,Sherman,,,,,
3084,Nelson,Carey,,,,,
7042,Leif,Mathew,,,,,
7804,Kori,Newby,,,,,
7206,Keagan,Wicks,,,,,
6664,Adan,Starr,,,,,
4665,Tyquan,Anglin,,,,,
3808,Caley,Rea,,,,,
4265,Rocco,Hassan,,,,,
6486,Jack,Ferreira,,,,,
2263,Alani,Chaffin,,,,,
7371,Willis,Carmona,,,,,
1576,Jacey,Busby,,,,,
9846,Daren,Ervin,,,,,
8123,Mallory,Ewing,,,,,
9653,Kianna,Naylor,,,,,
5050,Elexis,Lawton,,,,,
8935,Stephan,Sells,,,,,
3497,Karen,Pickard,,,,,
1041,Gilbert,Tomlinson,,,,,
6432,Joaquin,Clifford,,,,,
7869,Clark,Jasper,,,,,
6416,Shay,Salter,,,,,
1655,Isabella,Brubaker,,,,,
3772,Devan,Nickerson,,,,,
4662,Beau,Ornelas,,,,,
5897,Ana,Goodrich,,,,,
3846,Anita,Schuster,,,,,
3151,Jabari,Casper,,,,,
8316,Precious,Dillard,,,,,
2854,Jameson,Norton,,,,,
8820,Ammon,McCarter,,,,,
3619,Tyler,Jorgensen,,,,,
3085,Mordechai,Weis,,,,,
3918,Angeline,McKenna,,,,,
9002,Whitley,Burdette,,,,,
9860,Kristi,Vera,,,,,
1342,Cornelius,Redman,,,,,
3773,Malia,Ashton,,,,,
1218,Joseluis,Griffiths,,,,,
5751,Noel,Harmon,,,,,
8195,Eunice,Talbert,,,,,
4771,Keyon,Haag,,,,,
4017,Salvador,Brant,,,,,
6828,Drew,Epps,,,,,
7147,Leila,Henley,,,,,
4348,Mikel,Stanfield,,,,,
9751,Royce,Ahrens,,,,,
7604,Selah,Beasley,,,,,
3661,Martin,Delossantos,,,,,
9213,Vladimir,Ledbetter,,,,,
8113,Samir,Pringle,,,,,
2893,Makaela,Souza,,,,,
2420,Lizet,Ponce,,,,,
6358,Marilyn,Cantrell,,,,,
6884,Daphne,Pemberton,,,,,
3521,Anderson,Gaskins,,,,,
3473,Justyn,Melton,,,,,
1707,Reed,Reilly,,,,,
4580,Miguel,Kauffman,,,,,
4297,Jonatan,Osorio,,,,,
7187,Brock,Merrill,,,,,
7587,Ginger,Gruber,,,,,
3569,Noel,Alexander,,,,,
6711,Enoch,Fries,,,,,
5159,Deontae,Dial,,,,,
3314,Kenya,Haas,,,,,
3905,Shawn,Churchill,,,,,
9584,Madyson,Waterman,,,,,
3732,Ronald,Pulido,,,,,
3848,Karlee,McDuffie,,,,,
9882,Deontae,Hood,,,,,
5816,Mark,Keith,,,,,
8892,Isabel,South,,,,,
8891,Denisse,Smart,,,,,
7816,Gloria,Vitale,,,,,
3464,Janet,Catalano,,,,,
9513,India,Melton,,,,,
1801,Cori,Larue,,,,,
4053,Jalynn,Quick,,,,,
5594,Antony,Fontenot,,,,,
7004,Zavier,Welch,,,,,
1402,Jarrod,Thao,,,,,
6583,Carmen,Serna,,,,,
5764,Auston,McDonald,,,,,
7259,Keanna,Shumaker,,,,,
7062,Joan,Creel,,,,,
2936,Barry,Buck,,,,,
6501,Alec,Montano,,,,,
3789,Paul,Bone,,,,,
4489,Milena,McClellan,,,,,
9199,Jazmine,Schell,,,,,
8890,Marco,Gossett,,,,,
4672,Stefany,Rust,,,,,
8271,Trent,Dyer,,,,,
5127,Nancy,Koehler,,,,,
5181,Barry,Guerrero,,,,,
1513,Lazaro,Schmitz,,,,,
1543,Jamison,Lane,,,,,
9303,Avery,Atwood,,,,,
8414,Isha,Jasper,,,,,
3397,Raul,Clarke,,,,,
7104,Jamya,Tobin,,,,,
3217,Katelyn,Leary,,,,,
1138,Bo,Robles,,,,,
8068,Javen,Gleason,,,,,
1946,Khalid,Bishop,,,,,
7960,Warren,Crider,,,,,
9714,Alize,Herrmann,,,,,
1206,Tehya,Lankford,,,,,
2428,Tyquan,Clay,,,,,
2934,Russell,Cleveland,,,,,
6112,Grace,Weiss,,,,,
6736,Khalid,Damron,,,,,
6256,Lawrence,Pease,,,,,
9650,Amber,Mazur,,,,,
3776,Jedidiah,Smallwood,,,,,
9550,Esther,Epstein,,,,,
1045,Irene,Lynn,,,,,
7149,Cheyenne,Dennison,,,,,
9922,Jacey,Connors,,,,,
1894,Jaiden,Gossett,,,,,
2446,Hezekiah,Hoang,,,,,
9108,Rory,Landis,,,,,
6579,Denisse,Agnew,,,,,
7931,Mason,Townsend,,,,,
3756,Kayleigh,McMahon,,,,,
5987,Lamont,Hilliard,,,,,
2798,Gretchen,Heller,,,,,
4704,Karsyn,Ashcraft,,,,,
1510,Kimberly,StJohn,,,,,
6832,Simeon,Szymanski,,,,,
6700,Varun,Merriman,,,,,
1739,Kaeli,Weatherford,,,,,
7671,Joey,Self,,,,,
7539,Augustus,Meza,,,,,
3479,Valeria,Roland,,,,,
5094,Rochelle,Gabriel,,,,,
6053,Laci,Cardenas,,,,,
3419,Irene,Espinosa,,,,,
1025,Carleigh,Clement,,,,,
1503,Kaia,Kraft,,,,,
5001,Kalia,Stuart,,,,,
1901,Stephan,Mallory,,,,,
8582,Angelo,Fitzsimmons,,,,,
5572,Addie,Hummel,,,,,
5640,Benito,Hatcher,,,,,
6069,Micheal,Dorn,,,,,
3727,Asha,Ames,,,,,
4731,Guillermo,Crandall,,,,,
5770,Lesly,Steele,,,,,
5540,Demarco,Manzo,,,,,
6026,Melody,Elmore,,,,,
5682,Dashaun,Haskins,,,,,
5045,Agustin,Calhoun,,,,,
1863,Anais,Fowler,,,,,
5888,Daveon,Michaud,,,,,
9734,Shelbi,Avery,,,,,
6166,Raphael,Dow,,,,,
2215,Blaise,Werner,,,,,
8522,Analisa,Springer,,,,,
8150,Jaila,Magee,,,,,
3692,Erick,Gauthier,,,,,
7702,Trayvon,Redman,,,,,
9417,Michael,Donnell,,,,,
3179,Korey,Bradford,,,,,
6474,Kate,Carlisle,,,,,
3948,Braiden,Burk,,,,,
2396,Walker,Rojas,,,,,
3021,Jayvon,Loy,,,,,
8893,Jazmine,Hollins,,,,,
3001,Dashawn,York,,,,,
9173,Kiarra,Knudsen,,,,,
9196,Ladarius,Webb,,,,,
4821,Koby,Centeno,,,,,
7786,Madelin,Cleveland,,,,,
6282,Noel,Sawyer,,,,,
5333,Campbell,Palacios,,,,,
5695,Emilio,Pimentel,,,,,
3501,Brandon,Weinstein,,,,,
6405,Tylor,Stiles,,,,,
2312,Melia,Leighton,,,,,
3154,Tre,Steed,,,,,
4328,Donovan,Marlow,,,,,
4424,Markel,Cervantes,,,,,
8138,Lidia,Andrade,,,,,
6443,Shianne,Clemons,,,,,
5837,Kaitlin,Lutz,,,,,
3937,Mauro,Wenzel,,,,,
1582,Rileigh,Lindley,,,,,
1207,Heather,Poston,,,,,
7274,Makayla,Willard,,,,,